{
	"WPFInstall7zip": {
		"winget": "7zip.7zip",
		"choco": "7zip"
	},
	"WPFInstalladobe": {
		"winget": "Adobe.Acrobat.Reader.64-bit",
		"choco": "adobereader"
	},
	"WPFInstalladvancedip": {
		"winget": "Famatech.AdvancedIPScanner",
		"choco": "advanced-ip-scanner"
	},
	"WPFInstallalacritty": {
		"Winget": "Alacritty.Alacritty",
		"choco": "alacritty"
	},
	"WPFInstallangryipscanner": {
		"Winget": "angryziber.AngryIPScanner",
		"choco": "angryip"
	},
	"WPFInstallanydesk": {
		"winget": "AnyDeskSoftwareGmbH.AnyDesk",
		"choco": "anydesk"
	},
	"WPFInstallanki": {
		"winget": "Anki.Anki",
		"choco": "anki"
	},
	"WPFInstallaimp": {
		"winget": "AIMP.AIMP",
		"choco": "aimp"
	},
	"WPFInstallaudacity": {
		"winget": "Audacity.Audacity",
		"choco": "audacity"
	},
	"WPFInstallautohotkey": {
		"winget": "AutoHotkey.AutoHotkey",
		"choco": "autohotkey"
	},
	"WPFInstallbitwarden": {
		"winget": "Bitwarden.Bitwarden",
		"choco": "bitwarden"
	},
	"WPFInstallblender": {
		"winget": "BlenderFoundation.Blender",
		"choco": "blender"
	},
	"WPFInstallbluestacks": {
		"winget": "BlueStack.BlueStacks",
		"choco": "bluestacks"
	},
	"WPFInstallbrave": {
		"winget": "Brave.Brave",
		"choco": "brave"
	},
	"WPFInstallbulkcrapuninstaller": {
		"winget": "Klocman.BulkCrapUninstaller",
		"choco": "bulk-crap-uninstaller"
	},
	"WPFInstallcalibre": {
		"winget": "calibre.calibre",
		"choco": "calibre"
	},
	"WPFInstallchrome": {
		"winget": "Google.Chrome",
		"choco": "googlechrome"
	},
	"WPFInstallcopyq": {
		"winget": "copyq",
		"choco": "copyq"
	},
	"WPFInstallchromium": {
		"winget": "eloston.ungoogled-chromium",
		"choco": "chromium"
	},
	"WPFInstallcider": {
		"winget": "CiderCollective.Cider",
		"choco": "cider"
	},
	"WPFInstallclink": {
		"winget": "chrisant996.Clink",
		"choco": "clink"
	},
	"WPFInstallclipgrab": {
		"winget": "na",
		"choco": "clipgrab"
	},
	"WPFInstallcpuz": {
		"winget": "CPUID.CPU-Z",
		"choco": "cpu-z"
	},
	"WPFInstallddu": {
		"winget": "ddu",
		"choco": "ddu"
	},
	"WPFInstalldeluge": {
		"winget": "DelugeTeam.Deluge",
		"choco": "deluge"
	},
	"WPFInstalldevtoys": {
		"winget": "devtoys",
		"choco": "devToys"
	},
	"WPFInstalldiscord": {
		"winget": "Discord.Discord",
		"choco": "discord"
	},
	"WPFInstalldockerdesktop": {
		"winget": "Docker.DockerDesktop",
		"choco": "docker-desktop"
	},
	"WPFInstalldotnet3": {
		"winget": "Microsoft.DotNet.DesktopRuntime.3_1",
		"choco": "dotnetcore3-desktop-runtime"
	},
	"WPFInstalldotnet5": {
		"winget": "Microsoft.DotNet.DesktopRuntime.5",
		"choco": "dotnet-5.0-runtime"
	},
	"WPFInstalldotnet6": {
		"winget": "Microsoft.DotNet.DesktopRuntime.6",
		"choco": "dotnet-6.0-runtime"
	},
	"WPFInstalldotnet7": {
		"winget": "Microsoft.DotNet.DesktopRuntime.7",
		"choco": "dotnet-7.0-runtime"
	},
	"WPFInstalldolphin": {
		"winget": "KDE.Dolphin",
		"choco": "na"
	},
	"WPFInstallduplicati": {
		"winget": "Duplicati.Duplicati",
		"choco": "duplicati"
	},
	"WPFInstalleaapp": {
		"winget": "ElectronicArts.EADesktop",
		"choco": "ea-app"
	},
	"WPFInstalleartrumpet": {
		"winget": "File-New-Project.EarTrumpet",
		"choco": "eartrumpet"
	},
	"WPFInstalledge": {
		"winget": "Microsoft.Edge",
		"choco": "microsoft-edge"
	},
	"WPFInstallepicgames": {
		"winget": "EpicGames.EpicGamesLauncher",
		"choco": "epicgameslauncher"
	},
	"WPFInstallesearch": {
		"winget": "voidtools.Everything",
		"choco": "everything"
	},
	"WPFInstalletcher": {
		"winget": "Balena.Etcher",
		"choco": "etcher"
	},
	"WPFInstallfirefox": {
		"winget": "Mozilla.Firefox",
		"choco": "firefox"
	},
	"WPFInstallfloorp": {
		"winget": "Ablaze.Floorp",
		"choco": "na"
	},
	"WPFInstallflameshot": {
		"winget": "Flameshot.Flameshot",
		"choco": "flameshot"
	},
	"WPFInstallflux": {
		"winget": "flux.flux",
		"choco": "flux"
	},
	"WPFInstallfoobar": {
		"winget": "PeterPawlowski.foobar2000",
		"choco": "foobar2000"
	},
	"WPFInstallfoxpdf": {
		"winget": "Foxit.PhantomPDF",
		"choco": "na"
	},
	"WPFInstallgeforcenow": {
		"winget": "Nvidia.GeForceNow",
		"choco": "nvidia-geforce-now"
	},
	"WPFInstallgimp": {
		"winget": "GIMP.GIMP",
		"choco": "gimp"
	},
	"WPFInstallguilded": {
		"winget": "Guilded.Guilded",
		"choco": ""
	},
	"WPFInstallgit": {
		"Winget": "Git.Git",
		"choco": "git"
	},
	"WPFInstallgithubdesktop": {
		"winget": "Git.Git;GitHub.GitHubDesktop",
		"choco": "git;github-desktop"
	},
	"WPFInstallgitextensions": {
		"winget": "Git.Git;GitExtensionsTeam.GitExtensions",
		"choco": "git;gitextensions"
	},
	"WPFInstallglaryutilities": {
		"Winget": "Glarysoft.GlaryUtilities",
		"choco": "glaryutilities-free"
	},
	"WPFInstallgog": {
		"winget": "GOG.Galaxy",
		"choco": "goggalaxy"
	},
	"WPFInstallgolang": {
		"Winget": "GoLang.Go",
		"choco": "golang"
	},
	"WPFInstallgpuz": {
		"winget": "TechPowerUp.GPU-Z",
		"choco": "gpu-z"
	},
	"WPFInstallgreenshot": {
		"winget": "Greenshot.Greenshot",
		"choco": "greenshot"
	},
	"WPFInstallgsudo": {
		"winget": "gerardog.gsudo",
		"choco": "gsudo"
	},
	"WPFInstallhandbrake": {
		"winget": "HandBrake.HandBrake",
		"choco": "handbrake"
	},
	"WPFInstallheidisql": {
		"winget": "HeidiSQL.HeidiSQL",
		"choco": "heidisql"
	},
	"WPFInstallheroiclauncher": {
		"winget": "HeroicGamesLauncher.HeroicGamesLauncher",
		"choco": "na"
	},
	"WPFInstallhexchat": {
		"winget": "HexChat.HexChat",
		"choco": "hexchat"
	},
	"WPFInstallhwinfo": {
		"winget": "REALiX.HWiNFO",
		"choco": "hwinfo"
	},
	"WPFInstallimageglass": {
		"winget": "DuongDieuPhap.ImageGlass",
		"choco": "imageglass"
	},
	"WPFInstallinkscape": {
		"winget": "Inkscape.Inkscape",
		"choco": "inkscape"
	},
	"WPFInstallitunes": {
		"winget": "Apple.iTunes",
		"choco": "itunes"
	},
	"WPFInstalljellyfinmediaplayer": {
		"winget": "Jellyfin.JellyfinMediaPlayer",
		"choco": "jellyfin-media-player"
	},
	"WPFInstalljellyfinserver": {
		"winget": "Jellyfin.Server",
		"choco": "jellyfin"
	},
	"WPFInstalljami": {
		"winget": "SFLinux.Jami",
		"choco": "jami"
	},
	"WPFInstalljava8": {
		"winget": "EclipseAdoptium.Temurin.8.JRE",
		"choco": "temurin8jre"
	},
	"WPFInstalljava11": {
		"winget": "EclipseAdoptium.Temurin.11.JRE",
		"choco": "javaruntime"
	},
	"WPFInstalljava16": {
		"winget": "AdoptOpenJDK.OpenJDK.16",
		"choco": "temurin16jre"
	},
	"WPFInstalljava17": {
		"winget": "EclipseAdoptium.Temurin.17.JRE",
		"choco": "temurin17jre"
	},
	"WPFInstalljava18": {
		"winget": "EclipseAdoptium.Temurin.18.JRE",
		"choco": "temurin18jre"
	},
	"WPFInstalljava19": {
		"winget": "EclipseAdoptium.Temurin.19.JRE",
		"choco": "temurin19jre"
	},
	"WPFInstalljava20": {
		"winget": "Azul.Zulu.20.JDK",
		"choco": "na"
	},
	"WPFInstalljdownloader": {
		"winget": "AppWork.JDownloader",
		"choco": "jdownloader"
	},
	"WPFInstalljetbrains": {
		"winget": "JetBrains.Toolbox",
		"choco": "jetbrainstoolbox"
	},
	"WPFInstalljoplin": {
		"winget": "Joplin.Joplin",
		"choco": "joplin"
	},
	"WPFInstallkdeconnect": {
		"winget": "KDE.KDEConnect",
		"choco": "kdeconnect-kde"
	},
	"WPFInstallkdenlive": {
		"Winget": "KDE.Kdenlive",
		"choco": "kdenlive"
	},
	"WPFInstallkeepass": {
		"winget": "KeePassXCTeam.KeePassXC",
		"choco": "keepassxc"
	},
	"WPFInstallklite": {
		"winget": "CodecGuide.K-LiteCodecPack.Standard",
		"choco": "k-litecodecpack-standard"
	},
	"WPFInstallkodi": {
		"winget": "XBMCFoundation.Kodi",
		"choco": "kodi"
	},
	"WPFInstallkrita": {
		"winget": "KDE.Krita",
		"choco": "krita"
	},
	"WPFInstalllibreoffice": {
		"winget": "TheDocumentFoundation.LibreOffice",
		"choco": "libreoffice-fresh"
	},
	"WPFInstalllibrewolf": {
		"winget": "LibreWolf.LibreWolf",
		"choco": "librewolf"
	},
	"WPFInstalllinphone": {
		"winget": "BelledonneCommunications.Linphone",
		"choco": "linphone"
	},
	"WPFInstallmalwarebytes": {
		"winget": "Malwarebytes.Malwarebytes",
		"choco": "malwarebytes"
	},
	"WPFInstallmasscode": {
		"winget": "antonreshetov.massCode",
		"choco": "na"
	},
	"WPFInstallmatrix": {
		"winget": "Element.Element",
		"choco": "element-desktop"
	},
	"WPFInstallmercury": {
		"winget": "Alex313031.Mercury",
		"choco": "na"
	},
	"WPFInstallmonitorian": {
		"winget": "emoacht.Monitorian",
		"choco": "monitorian"
	},
	"WPFInstallmpc": {
		"winget": "clsid2.mpc-hc",
		"choco": "mpc-hc"
	},
	"WPFInstallmremoteng": {
		"winget": "mRemoteNG.mRemoteNG",
		"choco": "mremoteng"
	},
	"WPFInstallmsiafterburner": {
		"winget": "Guru3D.Afterburner",
		"choco": "msiafterburner"
	},
	"WPFInstallmusicbee": {
		"winget": "MusicBee.MusicBee",
		"choco": "musicbee"
	},
	"WPFInstallnanazip": {
		"winget": "M2Team.NanaZip",
		"choco": "nanazip"
	},
	"WPFInstallnano": {
		"winget": "GNU.Nano",
		"choco": "nano"
	},
	"WPFInstallnaps2": {
		"winget": "Cyanfish.NAPS2",
		"choco": "naps2"
	},
	"WPFInstallneovim": {
		"winget": "Neovim.Neovim",
		"choco": "neovim"
	},
	"WPFInstallnextclouddesktop": {
		"winget": "Nextcloud.NextcloudDesktop",
		"choco": "nextcloud-client"
	},
	"WPFInstallnglide": {
		"winget": "ZeusSoftware.nGlide",
		"choco": "na"
	},
	"WPFInstallnodejs": {
		"winget": "OpenJS.NodeJS",
		"choco": "nodejs"
	},
	"WPFInstallnodejslts": {
		"winget": "OpenJS.NodeJS.LTS",
		"choco": "nodejs-lts"
	},
	"WPFInstallnomacs": {
		"winget": "nomacs.nomacs",
		"choco": "nomacs"
	},
	"WPFInstallnotepadplus": {
		"winget": "Notepad++.Notepad++",
		"choco": "notepadplusplus"
	},
	"WPFInstallnuget": {
		"winget": "Microsoft.NuGet",
		"choco": "nuget.commandline"
	},
	"WPFInstallnvclean": {
		"winget": "TechPowerUp.NVCleanstall",
		"choco": "na"
	},
	"WPFInstallnvm": {
		"winget": "CoreyButler.NVMforWindows",
		"choco": "nvm"
	},
	"WPFInstallobs": {
		"winget": "OBSProject.OBSStudio",
		"choco": "obs-studio"
	},
	"WPFInstallobsidian": {
		"winget": "Obsidian.Obsidian",
		"choco": "obsidian"
	},
	"WPFInstallokular": {
		"winget": "KDE.Okular",
		"choco": "okular"
	},
	"WPFInstallonedrive": {
		"winget": "Microsoft.OneDrive",
		"choco": "onedrive"
	},
	"WPFInstallonlyoffice": {
		"winget": "ONLYOFFICE.DesktopEditors",
		"choco": "onlyoffice"
	},
	"WPFInstallopenoffice": {
		"winget": "Apache.OpenOffice",
		"choco": "openoffice"
	},
	"WPFInstallopenrgb": {
		"winget": "CalcProgrammer1.OpenRGB",
		"choco": "openrgb"
	},
	"WPFInstallopenshell": {
		"winget": "Open-Shell.Open-Shell-Menu",
		"choco": "open-shell"
	},
	"WPFInstallOpenVPN": {
		"winget": "OpenVPNTechnologies.OpenVPNConnect",
		"choco": "openvpn-connect"
	},
	"WPFInstallOVirtualBox": {
		"winget": "Oracle.VirtualBox",
		"choco": "virtualbox"
	},
	"WPFInstallownclouddesktop": {
		"winget": "ownCloud.ownCloudDesktop",
		"choco": "owncloud-client"
	},
	"WPFInstallPaintdotnet": {
		"winget": "dotPDNLLC.paintdotnet",
		"choco": "paint.net"
	},
	"WPFInstallpdfsam": {
		"winget": "PDFsam.PDFsam",
		"choco": "pdfsam"
	},
	"WPFInstallpeazip": {
		"winget": "Giorgiotani.Peazip",
		"choco": "peazip"
	},
	"WPFInstallpostman": {
		"winget": "Postman.Postman",
		"choco": "postman"
	},
	"WPFInstallpowershell": {
		"winget": "Microsoft.PowerShell",
		"choco": "powershell-core"
	},
	"WPFInstallposh": {
		"winget": "JanDeDobbeleer.OhMyPosh",
		"choco": "oh-my-posh"
	},
	"WPFInstallpowertoys": {
		"winget": "Microsoft.PowerToys",
		"choco": "powertoys"
	},
	"WPFInstallportmaster": {
		"winget": "portmaster",
		"choco": "portmaster"
	},
	"WPFInstallprismlauncher": {
		"winget": "PrismLauncher.PrismLauncher",
		"choco": "prismlauncher"
	},
	"WPFInstallprocesslasso": {
		"winget": "BitSum.ProcessLasso",
		"choco": "plasso"
	},
	"WPFInstallprocessmonitor": {
		"winget": "Microsoft.Sysinternals.ProcessMonitor",
		"choco": "procexp"
	},
	"WPFInstallputty": {
		"winget": "PuTTY.PuTTY",
		"choco": "putty"
	},
	"WPFInstallpython3": {
		"winget": "Python.Python.3.12",
		"choco": "python"
	},
	"WPFInstallqbittorrent": {
		"winget": "qBittorrent.qBittorrent",
		"choco": "qbittorrent"
	},
	"WPFInstallrevo": {
		"winget": "RevoUninstaller.RevoUninstaller",
		"choco": "revo-uninstaller"
	},
	"WPFInstallrufus": {
		"winget": "Rufus.Rufus",
		"choco": "rufus"
	},
	"WPFInstallrustdesk": {
		"winget": "RustDesk.RustDesk",
		"choco": "rustdesk.portable"
	},
	"WPFInstallrustlang": {
		"Winget": "Rustlang.Rust.MSVC",
		"choco": "rust"
	},
	"WPFInstallsandboxie": {
		"winget": "Sandboxie.Plus",
		"choco": "sandboxie"
	},
	"WPFInstallsdio": {
		"winget": "GlennDelahoy.SnappyDriverInstallerOrigin",
		"choco": "sdio"
	},
	"WPFInstallsession": {
		"winget": "Oxen.Session",
		"choco": "session"
	},
	"WPFInstallsharex": {
		"winget": "ShareX.ShareX",
		"choco": "sharex"
	},
	"WPFInstallshell": {
		"winget": "Nilesoft.Shell",
		"choco": "nilesoft-shell"
	},
	"WPFInstallsignal": {
		"winget": "OpenWhisperSystems.Signal",
		"choco": "signal"
	},
	"WPFInstallsimplewall": {
		"Winget": "Henry++.simplewall",
		"choco": "simplewall"
	},
	"WPFInstallskype": {
		"winget": "Microsoft.Skype",
		"choco": "skype"
	},
	"WPFInstallslack": {
		"winget": "SlackTechnologies.Slack",
		"choco": "slack"
	},
	"WPFInstallsqlstudio": {
		"winget": "Microsoft.SQLServerManagementStudio",
		"choco": "sql-server-management-studio"
	},
	"WPFInstallsteam": {
		"winget": "Valve.Steam",
		"choco": "steam-client"
	},
	"WPFInstallstarship": {
		"winget": "starship",
		"choco": "starship"
	},
	"WPFInstallstrawberry": {
		"winget": "StrawberryMusicPlayer.Strawberry",
		"choco": "strawberrymusicplayer"
	},
	"WPFInstallsublimemerge": {
		"winget": "SublimeHQ.SublimeMerge",
		"choco": "sublimemerge"
	},
	"WPFInstallsublimetext": {
		"winget": "SublimeHQ.SublimeText.4",
		"choco": "sublimetext4"
	},
	"WPFInstallsumatra": {
		"winget": "SumatraPDF.SumatraPDF",
		"choco": "sumatrapdf"
	},
	"WPFInstallsuperf4": {
		"winget": "StefanSundin.Superf4",
		"choco": "superf4"
	},
	"WPFInstalltcpview": {
		"winget": "Microsoft.Sysinternals.TCPView",
		"choco": "tcpview"
	},
	"WPFInstallteams": {
		"winget": "Microsoft.Teams",
		"choco": "microsoft-teams"
	},
	"WPFInstallteamviewer": {
		"winget": "TeamViewer.TeamViewer",
		"choco": "teamviewer9"
	},
	"WPFInstalltelegram": {
		"winget": "Telegram.TelegramDesktop",
		"choco": "telegram"
	},
	"WPFInstallterminal": {
		"winget": "Microsoft.WindowsTerminal",
		"choco": "microsoft-windows-terminal"
	},
	"WPFInstallthorium": {
		"winget": "Alex313031.Thorium",
		"choco": "na"
	},
	"WPFInstalltor": {
		"Winget": "TorProject.TorBrowser",
		"choco": "tor-browser"
	},
	"WPFInstalltreesize": {
		"winget": "JAMSoftware.TreeSize.Free",
		"choco": "treesizefree"
	},
	"WPFInstallttaskbar": {
		"winget": "9PF4KZ2VN4W9",
		"choco": "translucenttb"
	},
	"WPFInstallthunderbird": {
		"winget": "Mozilla.Thunderbird",
		"choco": "thunderbird"
	},
	"WPFInstalltwinkletray": {
		"Winget": "xanderfrangos.twinkletray",
		"choco": "na"
	},
	"WPFInstalltidal": {
		"Winget": "9NNCB5BS59PH",
		"choco": "na"
	},
	"WPFInstallubisoft": {
		"winget": "Ubisoft.Connect",
		"choco": "ubisoft-connect"
	},
	"WPFInstallunity": {
		"winget": "Unity.UnityHub",
		"choco": "unityhub"
	},
	"WPFInstallvc2015_32": {
		"winget": "Microsoft.VCRedist.2015+.x86",
		"choco": "na"
	},
	"WPFInstallvc2015_64": {
		"winget": "Microsoft.VCRedist.2015+.x64",
		"choco": "na"
	},
	"WPFInstallventoy": {
		"winget": "na",
		"choco": "ventoy"
	},
	"WPFInstallviber": {
		"Winget": "Viber.Viber",
		"choco": "viber"
	},
	"WPFInstallvisualstudio": {
		"winget": "Microsoft.VisualStudio.2022.Community",
		"choco": "visualstudio2022community"
	},
	"WPFInstallvivaldi": {
		"winget": "VivaldiTechnologies.Vivaldi",
		"choco": "vivaldi"
	},
	"WPFInstallvlc": {
		"winget": "VideoLAN.VLC",
		"choco": "vlc"
	},
	"WPFInstallvoicemeeter": {
		"winget": "VB-Audio.Voicemeeter",
		"choco": "voicemeeter"
	},
	"WPFInstallvscode": {
		"winget": "Git.Git;Microsoft.VisualStudioCode",
		"choco": "vscode"
	},
	"WPFInstallvscodium": {
		"winget": "Git.Git;VSCodium.VSCodium",
		"choco": "vscodium"
	},
	"WPFInstallwaterfox": {
		"winget": "Waterfox.Waterfox",
		"choco": "waterfox"
	},
	"WPFInstallwindirstat": {
		"winget": "WinDirStat.WinDirStat",
		"choco": "windirstat"
	},
	"WPFInstallwingetui": {
		"winget": "SomePythonThings.WingetUIStore",
		"choco": "na"
	},
	"WPFInstallwinmerge": {
		"winget": "WinMerge.WinMerge",
		"choco": "winmerge"
	},
	"WPFInstallwinrar": {
		"winget": "RARLab.WinRAR",
		"choco": "winrar"
	},
	"WPFInstallwinscp": {
		"winget": "WinSCP.WinSCP",
		"choco": "winscp"
	},
	"WPFInstallwireshark": {
		"winget": "WiresharkFoundation.Wireshark",
		"choco": "wireshark"
	},
	"WPFInstallwiztree": {
		"Winget": "AntibodySoftware.WizTree",
		"choco": "wiztree"
	},
	"WPFInstallxdm": {
		"winget": "subhra74.XtremeDownloadManager",
		"choco": "xdm"
	},
	"WPFInstallzerotierone": {
		"winget": "ZeroTier.ZeroTierOne",
		"choco": "zerotier-one"
  	},
	"WPFInstallzoom": {
		"winget": "Zoom.Zoom",
		"choco": "zoom"
	}
}
