{
  "WPFEssTweaksAH": {
    "registry": [
      {
        "Path": "HKLM:\\SOFTWARE\\Policies\\Microsoft\\Windows\\System",
        "Name": "EnableActivityFeed",
        "Type": "DWord",
        "Value": "0",
        "OriginalValue": "1"
      },
      {
        "Path": "HKLM:\\SOFTWARE\\Policies\\Microsoft\\Windows\\System",
        "Name": "PublishUserActivities",
        "Type": "DWord",
        "Value": "0",
        "OriginalValue": "1"
      },
      {
        "Path": "HKLM:\\SOFTWARE\\Policies\\Microsoft\\Windows\\System",
        "Name": "UploadUserActivities",
        "Type": "DWord",
        "Value": "0",
        "OriginalValue": "1"
      }
    ]
  },
  "WPFEssTweaksHiber": {
    "registry": [
      {
        "Path": "HKLM:\\System\\CurrentControlSet\\Control\\Session Manager\\Power",
        "Name": "HibernateEnabled",
        "Type": "DWord",
        "Value": "0",
        "OriginalValue": "1"
      },
      {
        "Path": "HKLM:\\SOFTWARE\\Microsoft\\Windows\\CurrentVersion\\Explorer\\FlyoutMenuSettings",
        "Name": "ShowHibernateOption",
        "Type": "DWord",
        "Value": "0",
        "OriginalValue": "1"
      }
    ],
    "InvokeScript": [
        "powercfg.exe /hibernate off"
    ]
  },
  "WPFEssTweaksHome": {
    "service": [
      {
        "Name": "HomeGroupListener",
        "StartupType": "Manual",
        "OriginalType": "Automatic"
      },
      {
        "Name": "HomeGroupProvider",
        "StartupType": "Manual",
        "OriginalType": "Automatic"
      }
    ]
  },
  "WPFEssTweaksLoc": {
    "registry": [
      {
        "Path": "HKLM:\\SOFTWARE\\Microsoft\\Windows\\CurrentVersion\\CapabilityAccessManager\\ConsentStore\\location",
        "Name": "Value",
        "Type": "String",
        "Value": "Deny",
        "OriginalValue": "Allow"
      },
      {
        "Path": "HKLM:\\SOFTWARE\\Microsoft\\Windows NT\\CurrentVersion\\Sensor\\Overrides\\{BFA794E4-F964-4FDB-90F6-51056BFE4B44}",
        "Name": "SensorPermissionState",
        "Type": "DWord",
        "Value": "0",
        "OriginalValue": "1"
      },
      {
        "Path": "HKLM:\\SYSTEM\\CurrentControlSet\\Services\\lfsvc\\Service\\Configuration",
        "Name": "Status",
        "Type": "DWord",
        "Value": "0",
        "OriginalValue": "1"
      },
      {
        "Path": "HKLM:\\SYSTEM\\Maps",
        "Name": "AutoUpdateEnabled",
        "Type": "DWord",
        "Value": "0",
        "OriginalValue": "1"
      }
    ]
  },
  "WPFEssTweaksServices": {
    "service": [
      {
        "Name": "AJRouter",
        "StartupType": "Disabled",
        "OriginalType": "Manual"
      },
      {
        "Name": "ALG",
        "StartupType": "Manual",
        "OriginalType": "Manual"
      },
      {
        "Name": "AppIDSvc",
        "StartupType": "Manual",
        "OriginalType": "Manual"
      },
      {
        "Name": "AppMgmt",
        "StartupType": "Manual",
        "OriginalType": "Manual"
      },
      {
        "Name": "AppReadiness",
        "StartupType": "Manual",
        "OriginalType": "Manual"
      },
      {
        "Name": "AppVClient",
        "StartupType": "Disabled",
        "OriginalType": "Disabled"
      },
      {
        "Name": "AppXSvc",
        "StartupType": "Manual",
        "OriginalType": "Manual"
      },
      {
        "Name": "Appinfo",
        "StartupType": "Manual",
        "OriginalType": "Manual"
      },
      {
        "Name": "AssignedAccessManagerSvc",
        "StartupType": "Disabled",
        "OriginalType": "Manual"
      },
      {
        "Name": "AudioEndpointBuilder",
        "StartupType": "Automatic",
        "OriginalType": "Automatic"
      },
      {
        "Name": "AudioSrv",
        "StartupType": "Automatic",
        "OriginalType": "Automatic"
      },
      {
        "Name": "Audiosrv",
        "StartupType": "Automatic",
        "OriginalType": "Automatic"
      },
      {
        "Name": "AxInstSV",
        "StartupType": "Manual",
        "OriginalType": "Manual"
      },
      {
        "Name": "BDESVC",
        "StartupType": "Manual",
        "OriginalType": "Manual"
      },
      {
        "Name": "BFE",
        "StartupType": "Automatic",
        "OriginalType": "Automatic"
      },
      {
        "Name": "BITS",
        "StartupType": "AutomaticDelayedStart",
        "OriginalType": "Automatic"
      },
      {
        "Name": "BTAGService",
        "StartupType": "Manual",
        "OriginalType": "Manual"
      },
      {
        "Name": "BcastDVRUserService_dc2a4",
        "StartupType": "Manual",
        "OriginalType": "Manual"
      },
      {
        "Name": "BluetoothUserService_dc2a4",
        "StartupType": "Manual",
        "OriginalType": "Manual"
      },
      {
        "Name": "BrokerInfrastructure",
        "StartupType": "Automatic",
        "OriginalType": "Automatic"
      },
      {
        "Name": "Browser",
        "StartupType": "Manual",
        "OriginalType": "Manual"
      },
      {
        "Name": "BthAvctpSvc",
        "StartupType": "Automatic",
        "OriginalType": "Automatic"
      },
      {
        "Name": "BthHFSrv",
        "StartupType": "Automatic",
        "OriginalType": "Automatic"
      },
      {
        "Name": "CDPSvc",
        "StartupType": "Manual",
        "OriginalType": "Automatic"
      },
      {
        "Name": "CDPUserSvc_dc2a4",
        "StartupType": "Automatic",
        "OriginalType": "Automatic"
      },
      {
        "Name": "COMSysApp",
        "StartupType": "Manual",
        "OriginalType": "Manual"
      },
      {
        "Name": "CaptureService_dc2a4",
        "StartupType": "Manual",
        "OriginalType": "Manual"
      },
      {
        "Name": "CertPropSvc",
        "StartupType": "Manual",
        "OriginalType": "Manual"
      },
      {
        "Name": "ClipSVC",
        "StartupType": "Manual",
        "OriginalType": "Manual"
      },
      {
        "Name": "ConsentUxUserSvc_dc2a4",
        "StartupType": "Manual",
        "OriginalType": "Manual"
      },
      {
        "Name": "CoreMessagingRegistrar",
        "StartupType": "Automatic",
        "OriginalType": "Automatic"
      },
      {
        "Name": "CredentialEnrollmentManagerUserSvc_dc2a4",
        "StartupType": "Manual",
        "OriginalType": "Manual"
      },
      {
        "Name": "CryptSvc",
        "StartupType": "Automatic",
        "OriginalType": "Automatic"
      },
      {
        "Name": "CscService",
        "StartupType": "Manual",
        "OriginalType": "Manual"
      },
      {
        "Name": "DPS",
        "StartupType": "Automatic",
        "OriginalType": "Automatic"
      },
      {
        "Name": "DcomLaunch",
        "StartupType": "Automatic",
        "OriginalType": "Automatic"
      },
      {
        "Name": "DcpSvc",
        "StartupType": "Manual",
        "OriginalType": "Manual"
      },
      {
        "Name": "DevQueryBroker",
        "StartupType": "Manual",
        "OriginalType": "Manual"
      },
      {
        "Name": "DeviceAssociationBrokerSvc_dc2a4",
        "StartupType": "Manual",
        "OriginalType": "Manual"
      },
      {
        "Name": "DeviceAssociationService",
        "StartupType": "Manual",
        "OriginalType": "Manual"
      },
      {
        "Name": "DeviceInstall",
        "StartupType": "Manual",
        "OriginalType": "Manual"
      },
      {
        "Name": "DevicePickerUserSvc_dc2a4",
        "StartupType": "Manual",
        "OriginalType": "Manual"
      },
      {
        "Name": "DevicesFlowUserSvc_dc2a4",
        "StartupType": "Manual",
        "OriginalType": "Manual"
      },
      {
        "Name": "Dhcp",
        "StartupType": "Automatic",
        "OriginalType": "Automatic"
      },
      {
        "Name": "DiagTrack",
        "StartupType": "Disabled",
        "OriginalType": "Automatic"
      },
      {
        "Name": "DialogBlockingService",
        "StartupType": "Disabled",
        "OriginalType": "Disabled"
      },
      {
        "Name": "DispBrokerDesktopSvc",
        "StartupType": "Automatic",
        "OriginalType": "Automatic"
      },
      {
        "Name": "DisplayEnhancementService",
        "StartupType": "Manual",
        "OriginalType": "Manual"
      },
      {
        "Name": "DmEnrollmentSvc",
        "StartupType": "Manual",
        "OriginalType": "Manual"
      },
      {
        "Name": "Dnscache",
        "StartupType": "Automatic",
        "OriginalType": "Automatic"
      },
      {
        "Name": "DoSvc",
        "StartupType": "AutomaticDelayedStart",
        "OriginalType": "Automatic"
      },
      {
        "Name": "DsSvc",
        "StartupType": "Manual",
        "OriginalType": "Manual"
      },
      {
        "Name": "DsmSvc",
        "StartupType": "Manual",
        "OriginalType": "Manual"
      },
      {
        "Name": "DusmSvc",
        "StartupType": "Automatic",
        "OriginalType": "Automatic"
      },
      {
        "Name": "EFS",
        "StartupType": "Manual",
        "OriginalType": "Manual"
      },
      {
        "Name": "EapHost",
        "StartupType": "Manual",
        "OriginalType": "Manual"
      },
      {
        "Name": "EntAppSvc",
        "StartupType": "Manual",
        "OriginalType": "Manual"
      },
      {
        "Name": "EventLog",
        "StartupType": "Automatic",
        "OriginalType": "Automatic"
      },
      {
        "Name": "EventSystem",
        "StartupType": "Automatic",
        "OriginalType": "Automatic"
      },
      {
        "Name": "FDResPub",
        "StartupType": "Manual",
        "OriginalType": "Manual"
      },
      {
        "Name": "Fax",
        "StartupType": "Manual",
        "OriginalType": "Manual"
      },
      {
        "Name": "FontCache",
        "StartupType": "Automatic",
        "OriginalType": "Automatic"
      },
      {
        "Name": "FrameServer",
        "StartupType": "Manual",
        "OriginalType": "Manual"
      },
      {
        "Name": "FrameServerMonitor",
        "StartupType": "Manual",
        "OriginalType": "Manual"
      },
      {
        "Name": "GraphicsPerfSvc",
        "StartupType": "Manual",
        "OriginalType": "Manual"
      },
      {
        "Name": "HomeGroupListener",
        "StartupType": "Manual",
        "OriginalType": "Manual"
      },
      {
        "Name": "HomeGroupProvider",
        "StartupType": "Manual",
        "OriginalType": "Manual"
      },
      {
        "Name": "HvHost",
        "StartupType": "Manual",
        "OriginalType": "Manual"
      },
      {
        "Name": "IEEtwCollectorService",
        "StartupType": "Manual",
        "OriginalType": "Manual"
      },
      {
        "Name": "IKEEXT",
        "StartupType": "Manual",
        "OriginalType": "Manual"
      },
      {
        "Name": "InstallService",
        "StartupType": "Manual",
        "OriginalType": "Manual"
      },
      {
        "Name": "InventorySvc",
        "StartupType": "Manual",
        "OriginalType": "Manual"
      },
      {
        "Name": "IpxlatCfgSvc",
        "StartupType": "Manual",
        "OriginalType": "Manual"
      },
      {
        "Name": "KeyIso",
        "StartupType": "Automatic",
        "OriginalType": "Automatic"
      },
      {
        "Name": "KtmRm",
        "StartupType": "Manual",
        "OriginalType": "Manual"
      },
      {
        "Name": "LSM",
        "StartupType": "Automatic",
        "OriginalType": "Automatic"
      },
      {
        "Name": "LanmanServer",
        "StartupType": "Automatic",
        "OriginalType": "Automatic"
      },
      {
        "Name": "LanmanWorkstation",
        "StartupType": "Automatic",
        "OriginalType": "Automatic"
      },
      {
        "Name": "LicenseManager",
        "StartupType": "Manual",
        "OriginalType": "Manual"
      },
      {
        "Name": "LxpSvc",
        "StartupType": "Manual",
        "OriginalType": "Manual"
      },
      {
        "Name": "MSDTC",
        "StartupType": "Manual",
        "OriginalType": "Manual"
      },
      {
        "Name": "MSiSCSI",
        "StartupType": "Manual",
        "OriginalType": "Manual"
      },
      {
        "Name": "MapsBroker",
        "StartupType": "AutomaticDelayedStart",
        "OriginalType": "Automatic"
      },
      {
        "Name": "McpManagementService",
        "StartupType": "Manual",
        "OriginalType": "Manual"
      },
      {
        "Name": "MessagingService_dc2a4",
        "StartupType": "Manual",
        "OriginalType": "Manual"
      },
      {
        "Name": "MicrosoftEdgeElevationService",
        "StartupType": "Manual",
        "OriginalType": "Manual"
      },
      {
        "Name": "MixedRealityOpenXRSvc",
        "StartupType": "Manual",
        "OriginalType": "Manual"
      },
      {
        "Name": "MpsSvc",
        "StartupType": "Automatic",
        "OriginalType": "Automatic"
      },
      {
        "Name": "MsKeyboardFilter",
        "StartupType": "Manual",
        "OriginalType": "Disabled"
      },
      {
        "Name": "NPSMSvc_dc2a4",
        "StartupType": "Manual",
        "OriginalType": "Manual"
      },
      {
        "Name": "NaturalAuthentication",
        "StartupType": "Manual",
        "OriginalType": "Manual"
      },
      {
        "Name": "NcaSvc",
        "StartupType": "Manual",
        "OriginalType": "Manual"
      },
      {
        "Name": "NcbService",
        "StartupType": "Manual",
        "OriginalType": "Manual"
      },
      {
        "Name": "NcdAutoSetup",
        "StartupType": "Manual",
        "OriginalType": "Manual"
      },
      {
        "Name": "NetSetupSvc",
        "StartupType": "Manual",
        "OriginalType": "Manual"
      },
      {
        "Name": "NetTcpPortSharing",
        "StartupType": "Disabled",
        "OriginalType": "Disabled"
      },
      {
        "Name": "Netlogon",
        "StartupType": "Manual",
        "OriginalType": "Manual"
      },
      {
        "Name": "Netman",
        "StartupType": "Manual",
        "OriginalType": "Manual"
      },
      {
        "Name": "NgcCtnrSvc",
        "StartupType": "Manual",
        "OriginalType": "Manual"
      },
      {
        "Name": "NgcSvc",
        "StartupType": "Manual",
        "OriginalType": "Manual"
      },
      {
        "Name": "NlaSvc",
        "StartupType": "Manual",
        "OriginalType": "Manual"
      },
      {
        "Name": "OneSyncSvc_dc2a4",
        "StartupType": "Automatic",
        "OriginalType": "Automatic"
      },
      {
        "Name": "P9RdrService_dc2a4",
        "StartupType": "Manual",
        "OriginalType": "Manual"
      },
      {
        "Name": "PNRPAutoReg",
        "StartupType": "Manual",
        "OriginalType": "Manual"
      },
      {
        "Name": "PNRPsvc",
        "StartupType": "Manual",
        "OriginalType": "Manual"
      },
      {
        "Name": "PcaSvc",
        "StartupType": "Manual",
        "OriginalType": "Automatic"
      },
      {
        "Name": "PeerDistSvc",
        "StartupType": "Manual",
        "OriginalType": "Manual"
      },
      {
        "Name": "PenService_dc2a4",
        "StartupType": "Manual",
        "OriginalType": "Manual"
      },
      {
        "Name": "PerfHost",
        "StartupType": "Manual",
        "OriginalType": "Manual"
      },
      {
        "Name": "PhoneSvc",
        "StartupType": "Manual",
        "OriginalType": "Manual"
      },
      {
        "Name": "PimIndexMaintenanceSvc_dc2a4",
        "StartupType": "Manual",
        "OriginalType": "Manual"
      },
      {
        "Name": "PlugPlay",
        "StartupType": "Manual",
        "OriginalType": "Manual"
      },
      {
        "Name": "PolicyAgent",
        "StartupType": "Manual",
        "OriginalType": "Manual"
      },
      {
        "Name": "Power",
        "StartupType": "Automatic",
        "OriginalType": "Automatic"
      },
      {
        "Name": "PrintNotify",
        "StartupType": "Manual",
        "OriginalType": "Manual"
      },
      {
        "Name": "PrintWorkflowUserSvc_dc2a4",
        "StartupType": "Manual",
        "OriginalType": "Manual"
      },
      {
        "Name": "ProfSvc",
        "StartupType": "Automatic",
        "OriginalType": "Automatic"
      },
      {
        "Name": "PushToInstall",
        "StartupType": "Manual",
        "OriginalType": "Manual"
      },
      {
        "Name": "QWAVE",
        "StartupType": "Manual",
        "OriginalType": "Manual"
      },
      {
        "Name": "RasAuto",
        "StartupType": "Manual",
        "OriginalType": "Manual"
      },
      {
        "Name": "RasMan",
        "StartupType": "Manual",
        "OriginalType": "Manual"
      },
      {
        "Name": "RemoteAccess",
        "StartupType": "Disabled",
        "OriginalType": "Disabled"
      },
      {
        "Name": "RemoteRegistry",
        "StartupType": "Disabled",
        "OriginalType": "Disabled"
      },
      {
        "Name": "RetailDemo",
        "StartupType": "Manual",
        "OriginalType": "Manual"
      },
      {
        "Name": "RmSvc",
        "StartupType": "Manual",
        "OriginalType": "Manual"
      },
      {
        "Name": "RpcEptMapper",
        "StartupType": "Automatic",
        "OriginalType": "Automatic"
      },
      {
        "Name": "RpcLocator",
        "StartupType": "Manual",
        "OriginalType": "Manual"
      },
      {
        "Name": "RpcSs",
        "StartupType": "Automatic",
        "OriginalType": "Automatic"
      },
      {
        "Name": "SCPolicySvc",
        "StartupType": "Manual",
        "OriginalType": "Manual"
      },
      {
        "Name": "SCardSvr",
        "StartupType": "Manual",
        "OriginalType": "Manual"
      },
      {
        "Name": "SDRSVC",
        "StartupType": "Manual",
        "OriginalType": "Manual"
      },
      {
        "Name": "SEMgrSvc",
        "StartupType": "Manual",
        "OriginalType": "Manual"
      },
      {
        "Name": "SENS",
        "StartupType": "Automatic",
        "OriginalType": "Automatic"
      },
      {
        "Name": "SNMPTRAP",
        "StartupType": "Manual",
        "OriginalType": "Manual"
      },
      {
        "Name": "SNMPTrap",
        "StartupType": "Manual",
        "OriginalType": "Manual"
      },
      {
        "Name": "SSDPSRV",
        "StartupType": "Manual",
        "OriginalType": "Manual"
      },
      {
        "Name": "SamSs",
        "StartupType": "Automatic",
        "OriginalType": "Automatic"
      },
      {
        "Name": "ScDeviceEnum",
        "StartupType": "Manual",
        "OriginalType": "Manual"
      },
      {
        "Name": "Schedule",
        "StartupType": "Automatic",
        "OriginalType": "Automatic"
      },
      {
        "Name": "SecurityHealthService",
        "StartupType": "Manual",
        "OriginalType": "Manual"
      },
      {
        "Name": "Sense",
        "StartupType": "Manual",
        "OriginalType": "Manual"
      },
      {
        "Name": "SensorDataService",
        "StartupType": "Manual",
        "OriginalType": "Manual"
      },
      {
        "Name": "SensorService",
        "StartupType": "Manual",
        "OriginalType": "Manual"
      },
      {
        "Name": "SensrSvc",
        "StartupType": "Manual",
        "OriginalType": "Manual"
      },
      {
        "Name": "SessionEnv",
        "StartupType": "Manual",
        "OriginalType": "Manual"
      },
      {
        "Name": "SgrmBroker",
        "StartupType": "Automatic",
        "OriginalType": "Automatic"
      },
      {
        "Name": "SharedAccess",
        "StartupType": "Manual",
        "OriginalType": "Manual"
      },
      {
        "Name": "SharedRealitySvc",
        "StartupType": "Manual",
        "OriginalType": "Manual"
      },
      {
        "Name": "ShellHWDetection",
        "StartupType": "Automatic",
        "OriginalType": "Automatic"
      },
      {
        "Name": "SmsRouter",
        "StartupType": "Manual",
        "OriginalType": "Manual"
      },
      {
        "Name": "Spooler",
        "StartupType": "Automatic",
        "OriginalType": "Automatic"
      },
      {
        "Name": "SstpSvc",
        "StartupType": "Manual",
        "OriginalType": "Manual"
      },
      {
        "Name": "StateRepository",
        "StartupType": "Manual",
        "OriginalType": "Automatic"
      },
      {
        "Name": "StiSvc",
        "StartupType": "Manual",
        "OriginalType": "Manual"
      },
      {
        "Name": "StorSvc",
        "StartupType": "Manual",
        "OriginalType": "Automatic"
      },
      {
        "Name": "SysMain",
        "StartupType": "Automatic",
        "OriginalType": "Automatic"
      },
      {
        "Name": "SystemEventsBroker",
        "StartupType": "Automatic",
        "OriginalType": "Automatic"
      },
      {
        "Name": "TabletInputService",
        "StartupType": "Manual",
        "OriginalType": "Manual"
      },
      {
        "Name": "TapiSrv",
        "StartupType": "Manual",
        "OriginalType": "Manual"
      },
      {
        "Name": "TermService",
        "StartupType": "Automatic",
        "OriginalType": "Automatic"
      },
      {
        "Name": "TextInputManagementService",
        "StartupType": "Manual",
        "OriginalType": "Automatic"
      },
      {
        "Name": "Themes",
        "StartupType": "Automatic",
        "OriginalType": "Automatic"
      },
      {
        "Name": "TieringEngineService",
        "StartupType": "Manual",
        "OriginalType": "Manual"
      },
      {
        "Name": "TimeBroker",
        "StartupType": "Manual",
        "OriginalType": "Manual"
      },
      {
        "Name": "TimeBrokerSvc",
        "StartupType": "Manual",
        "OriginalType": "Manual"
      },
      {
        "Name": "TokenBroker",
        "StartupType": "Manual",
        "OriginalType": "Manual"
      },
      {
        "Name": "TrkWks",
        "StartupType": "Automatic",
        "OriginalType": "Automatic"
      },
      {
        "Name": "TroubleshootingSvc",
        "StartupType": "Manual",
        "OriginalType": "Manual"
      },
      {
        "Name": "TrustedInstaller",
        "StartupType": "Manual",
        "OriginalType": "Manual"
      },
      {
        "Name": "UI0Detect",
        "StartupType": "Manual",
        "OriginalType": "Manual"
      },
      {
        "Name": "UdkUserSvc_dc2a4",
        "StartupType": "Manual",
        "OriginalType": "Manual"
      },
      {
        "Name": "UevAgentService",
        "StartupType": "Disabled",
        "OriginalType": "Disabled"
      },
      {
        "Name": "UmRdpService",
        "StartupType": "Manual",
        "OriginalType": "Manual"
      },
      {
        "Name": "UnistoreSvc_dc2a4",
        "StartupType": "Manual",
        "OriginalType": "Manual"
      },
      {
        "Name": "UserDataSvc_dc2a4",
        "StartupType": "Manual",
        "OriginalType": "Manual"
      },
      {
        "Name": "UserManager",
        "StartupType": "Automatic",
        "OriginalType": "Automatic"
      },
      {
        "Name": "UsoSvc",
        "StartupType": "Manual",
        "OriginalType": "Automatic"
      },
      {
        "Name": "VGAuthService",
        "StartupType": "Automatic",
        "OriginalType": "Automatic"
      },
      {
        "Name": "VMTools",
        "StartupType": "Automatic",
        "OriginalType": "Automatic"
      },
      {
        "Name": "VSS",
        "StartupType": "Manual",
        "OriginalType": "Manual"
      },
      {
        "Name": "VacSvc",
        "StartupType": "Manual",
        "OriginalType": "Manual"
      },
      {
        "Name": "VaultSvc",
        "StartupType": "Automatic",
        "OriginalType": "Automatic"
      },
      {
        "Name": "W32Time",
        "StartupType": "Manual",
        "OriginalType": "Manual"
      },
      {
        "Name": "WEPHOSTSVC",
        "StartupType": "Manual",
        "OriginalType": "Manual"
      },
      {
        "Name": "WFDSConMgrSvc",
        "StartupType": "Manual",
        "OriginalType": "Manual"
      },
      {
        "Name": "WMPNetworkSvc",
        "StartupType": "Manual",
        "OriginalType": "Manual"
      },
      {
        "Name": "WManSvc",
        "StartupType": "Manual",
        "OriginalType": "Manual"
      },
      {
        "Name": "WPDBusEnum",
        "StartupType": "Manual",
        "OriginalType": "Manual"
      },
      {
        "Name": "WSService",
        "StartupType": "Manual",
        "OriginalType": "Manual"
      },
      {
        "Name": "WSearch",
        "StartupType": "AutomaticDelayedStart",
        "OriginalType": "Automatic"
      },
      {
        "Name": "WaaSMedicSvc",
        "StartupType": "Manual",
        "OriginalType": "Manual"
      },
      {
        "Name": "WalletService",
        "StartupType": "Manual",
        "OriginalType": "Manual"
      },
      {
        "Name": "WarpJITSvc",
        "StartupType": "Manual",
        "OriginalType": "Manual"
      },
      {
        "Name": "WbioSrvc",
        "StartupType": "Manual",
        "OriginalType": "Manual"
      },
      {
        "Name": "Wcmsvc",
        "StartupType": "Automatic",
        "OriginalType": "Automatic"
      },
      {
        "Name": "WcsPlugInService",
        "StartupType": "Manual",
        "OriginalType": "Manual"
      },
      {
        "Name": "WdNisSvc",
        "StartupType": "Manual",
        "OriginalType": "Manual"
      },
      {
        "Name": "WdiServiceHost",
        "StartupType": "Manual",
        "OriginalType": "Manual"
      },
      {
        "Name": "WdiSystemHost",
        "StartupType": "Manual",
        "OriginalType": "Manual"
      },
      {
        "Name": "WebClient",
        "StartupType": "Manual",
        "OriginalType": "Manual"
      },
      {
        "Name": "Wecsvc",
        "StartupType": "Manual",
        "OriginalType": "Manual"
      },
      {
        "Name": "WerSvc",
        "StartupType": "Manual",
        "OriginalType": "Manual"
      },
      {
        "Name": "WiaRpc",
        "StartupType": "Manual",
        "OriginalType": "Manual"
      },
      {
        "Name": "WinDefend",
        "StartupType": "Automatic",
        "OriginalType": "Automatic"
      },
      {
        "Name": "WinHttpAutoProxySvc",
        "StartupType": "Manual",
        "OriginalType": "Manual"
      },
      {
        "Name": "WinRM",
        "StartupType": "Manual",
        "OriginalType": "Manual"
      },
      {
        "Name": "Winmgmt",
        "StartupType": "Automatic",
        "OriginalType": "Automatic"
      },
      {
        "Name": "WlanSvc",
        "StartupType": "Automatic",
        "OriginalType": "Automatic"
      },
      {
        "Name": "WpcMonSvc",
        "StartupType": "Manual",
        "OriginalType": "Manual"
      },
      {
        "Name": "WpnService",
        "StartupType": "Manual",
        "OriginalType": "Automatic"
      },
      {
        "Name": "WpnUserService_dc2a4",
        "StartupType": "Automatic",
        "OriginalType": "Automatic"
      },
      {
        "Name": "WwanSvc",
        "StartupType": "Manual",
        "OriginalType": "Manual"
      },
      {
        "Name": "XblAuthManager",
        "StartupType": "Manual",
        "OriginalType": "Manual"
      },
      {
        "Name": "XblGameSave",
        "StartupType": "Manual",
        "OriginalType": "Manual"
      },
      {
        "Name": "XboxGipSvc",
        "StartupType": "Manual",
        "OriginalType": "Manual"
      },
      {
        "Name": "XboxNetApiSvc",
        "StartupType": "Manual",
        "OriginalType": "Manual"
      },
      {
        "Name": "autotimesvc",
        "StartupType": "Manual",
        "OriginalType": "Manual"
      },
      {
        "Name": "bthserv",
        "StartupType": "Manual",
        "OriginalType": "Manual"
      },
      {
        "Name": "camsvc",
        "StartupType": "Manual",
        "OriginalType": "Manual"
      },
      {
        "Name": "cbdhsvc_dc2a4",
        "StartupType": "Manual",
        "OriginalType": "Automatic"
      },
      {
        "Name": "cloudidsvc",
        "StartupType": "Manual",
        "OriginalType": "Manual"
      },
      {
        "Name": "dcsvc",
        "StartupType": "Manual",
        "OriginalType": "Manual"
      },
      {
        "Name": "defragsvc",
        "StartupType": "Manual",
        "OriginalType": "Manual"
      },
      {
        "Name": "diagnosticshub.standardcollector.service",
        "StartupType": "Manual",
        "OriginalType": "Manual"
      },
      {
        "Name": "diagsvc",
        "StartupType": "Manual",
        "OriginalType": "Manual"
      },
      {
        "Name": "dmwappushservice",
        "StartupType": "Manual",
        "OriginalType": "Manual"
      },
      {
        "Name": "dot3svc",
        "StartupType": "Manual",
        "OriginalType": "Manual"
      },
      {
        "Name": "edgeupdate",
        "StartupType": "Manual",
        "OriginalType": "Automatic"
      },
      {
        "Name": "edgeupdatem",
        "StartupType": "Manual",
        "OriginalType": "Manual"
      },
      {
        "Name": "embeddedmode",
        "StartupType": "Manual",
        "OriginalType": "Manual"
      },
      {
        "Name": "fdPHost",
        "StartupType": "Manual",
        "OriginalType": "Manual"
      },
      {
        "Name": "fhsvc",
        "StartupType": "Manual",
        "OriginalType": "Manual"
      },
      {
        "Name": "gpsvc",
        "StartupType": "Automatic",
        "OriginalType": "Automatic"
      },
      {
        "Name": "hidserv",
        "StartupType": "Manual",
        "OriginalType": "Manual"
      },
      {
        "Name": "icssvc",
        "StartupType": "Manual",
        "OriginalType": "Manual"
      },
      {
        "Name": "iphlpsvc",
        "StartupType": "Automatic",
        "OriginalType": "Automatic"
      },
      {
        "Name": "lfsvc",
        "StartupType": "Manual",
        "OriginalType": "Manual"
      },
      {
        "Name": "lltdsvc",
        "StartupType": "Manual",
        "OriginalType": "Manual"
      },
      {
        "Name": "lmhosts",
        "StartupType": "Manual",
        "OriginalType": "Manual"
      },
      {
        "Name": "mpssvc",
        "StartupType": "Automatic",
        "OriginalType": "Automatic"
      },
      {
        "Name": "msiserver",
        "StartupType": "Manual",
        "OriginalType": "Manual"
      },
      {
        "Name": "netprofm",
        "StartupType": "Manual",
        "OriginalType": "Manual"
      },
      {
        "Name": "nsi",
        "StartupType": "Automatic",
        "OriginalType": "Automatic"
      },
      {
        "Name": "p2pimsvc",
        "StartupType": "Manual",
        "OriginalType": "Manual"
      },
      {
        "Name": "p2psvc",
        "StartupType": "Manual",
        "OriginalType": "Manual"
      },
      {
        "Name": "perceptionsimulation",
        "StartupType": "Manual",
        "OriginalType": "Manual"
      },
      {
        "Name": "pla",
        "StartupType": "Manual",
        "OriginalType": "Manual"
      },
      {
        "Name": "seclogon",
        "StartupType": "Manual",
        "OriginalType": "Manual"
      },
      {
        "Name": "shpamsvc",
        "StartupType": "Disabled",
        "OriginalType": "Disabled"
      },
      {
        "Name": "smphost",
        "StartupType": "Manual",
        "OriginalType": "Manual"
      },
      {
        "Name": "spectrum",
        "StartupType": "Manual",
        "OriginalType": "Manual"
      },
      {
        "Name": "sppsvc",
        "StartupType": "AutomaticDelayedStart",
        "OriginalType": "Automatic"
      },
      {
        "Name": "ssh-agent",
        "StartupType": "Disabled",
        "OriginalType": "Disabled"
      },
      {
        "Name": "svsvc",
        "StartupType": "Manual",
        "OriginalType": "Manual"
      },
      {
        "Name": "swprv",
        "StartupType": "Manual",
        "OriginalType": "Manual"
      },
      {
        "Name": "tiledatamodelsvc",
        "StartupType": "Automatic",
        "OriginalType": "Automatic"
      },
      {
        "Name": "tzautoupdate",
        "StartupType": "Disabled",
        "OriginalType": "Disabled"
      },
      {
        "Name": "uhssvc",
        "StartupType": "Disabled",
        "OriginalType": "Disabled"
      },
      {
        "Name": "upnphost",
        "StartupType": "Manual",
        "OriginalType": "Manual"
      },
      {
        "Name": "vds",
        "StartupType": "Manual",
        "OriginalType": "Manual"
      },
      {
        "Name": "vm3dservice",
        "StartupType": "Manual",
        "OriginalType": "Automatic"
      },
      {
        "Name": "vmicguestinterface",
        "StartupType": "Manual",
        "OriginalType": "Manual"
      },
      {
        "Name": "vmicheartbeat",
        "StartupType": "Manual",
        "OriginalType": "Manual"
      },
      {
        "Name": "vmickvpexchange",
        "StartupType": "Manual",
        "OriginalType": "Manual"
      },
      {
        "Name": "vmicrdv",
        "StartupType": "Manual",
        "OriginalType": "Manual"
      },
      {
        "Name": "vmicshutdown",
        "StartupType": "Manual",
        "OriginalType": "Manual"
      },
      {
        "Name": "vmictimesync",
        "StartupType": "Manual",
        "OriginalType": "Manual"
      },
      {
        "Name": "vmicvmsession",
        "StartupType": "Manual",
        "OriginalType": "Manual"
      },
      {
        "Name": "vmicvss",
        "StartupType": "Manual",
        "OriginalType": "Manual"
      },
      {
        "Name": "vmvss",
        "StartupType": "Manual",
        "OriginalType": "Manual"
      },
      {
        "Name": "wbengine",
        "StartupType": "Manual",
        "OriginalType": "Manual"
      },
      {
        "Name": "wcncsvc",
        "StartupType": "Manual",
        "OriginalType": "Manual"
      },
      {
        "Name": "webthreatdefsvc",
        "StartupType": "Manual",
        "OriginalType": "Manual"
      },
      {
        "Name": "webthreatdefusersvc_dc2a4",
        "StartupType": "Automatic",
        "OriginalType": "Automatic"
      },
      {
        "Name": "wercplsupport",
        "StartupType": "Manual",
        "OriginalType": "Manual"
      },
      {
        "Name": "wisvc",
        "StartupType": "Manual",
        "OriginalType": "Manual"
      },
      {
        "Name": "wlidsvc",
        "StartupType": "Manual",
        "OriginalType": "Manual"
      },
      {
        "Name": "wlpasvc",
        "StartupType": "Manual",
        "OriginalType": "Manual"
      },
      {
        "Name": "wmiApSrv",
        "StartupType": "Manual",
        "OriginalType": "Manual"
      },
      {
        "Name": "workfolderssvc",
        "StartupType": "Manual",
        "OriginalType": "Manual"
      },
      {
        "Name": "wscsvc",
        "StartupType": "AutomaticDelayedStart",
        "OriginalType": "Automatic"
      },
      {
        "Name": "wuauserv",
        "StartupType": "Manual",
        "OriginalType": "Manual"
      },
      {
        "Name": "wudfsvc",
        "StartupType": "Manual",
        "OriginalType": "Manual"
      }
    ]
  },
  "WPFEssTweaksTele": {
    "ScheduledTask": [
      {
        "Name": "Microsoft\\Windows\\Application Experience\\Microsoft Compatibility Appraiser",
        "State": "Disabled",
        "OriginalState": "Enabled"
      },
      {
        "Name": "Microsoft\\Windows\\Application Experience\\ProgramDataUpdater",
        "State": "Disabled",
        "OriginalState": "Enabled"
      },
      {
        "Name": "Microsoft\\Windows\\Autochk\\Proxy",
        "State": "Disabled",
        "OriginalState": "Enabled"
      },
      {
        "Name": "Microsoft\\Windows\\Customer Experience Improvement Program\\Consolidator",
        "State": "Disabled",
        "OriginalState": "Enabled"
      },
      {
        "Name": "Microsoft\\Windows\\Customer Experience Improvement Program\\UsbCeip",
        "State": "Disabled",
        "OriginalState": "Enabled"
      },
      {
        "Name": "Microsoft\\Windows\\DiskDiagnostic\\Microsoft-Windows-DiskDiagnosticDataCollector",
        "State": "Disabled",
        "OriginalState": "Enabled"
      },
      {
        "Name": "Microsoft\\Windows\\Feedback\\Siuf\\DmClient",
        "State": "Disabled",
        "OriginalState": "Enabled"
      },
      {
        "Name": "Microsoft\\Windows\\Feedback\\Siuf\\DmClientOnScenarioDownload",
        "State": "Disabled",
        "OriginalState": "Enabled"
      },
      {
        "Name": "Microsoft\\Windows\\Windows Error Reporting\\QueueReporting",
        "State": "Disabled",
        "OriginalState": "Enabled"
      },
      {
        "Name": "Microsoft\\Windows\\Application Experience\\MareBackup",
        "State": "Disabled",
        "OriginalState": "Enabled"
      },
      {
        "Name": "Microsoft\\Windows\\Application Experience\\StartupAppTask",
        "State": "Disabled",
        "OriginalState": "Enabled"
      },
      {
        "Name": "Microsoft\\Windows\\Application Experience\\PcaPatchDbTask",
        "State": "Disabled",
        "OriginalState": "Enabled"
      },
      {
        "Name": "Microsoft\\Windows\\Maps\\MapsUpdateTask",
        "State": "Disabled",
        "OriginalState": "Enabled"
      }
    ],
    "registry": [
      {
        "Path": "HKLM:\\SOFTWARE\\Microsoft\\Windows\\CurrentVersion\\Policies\\DataCollection",
        "Type": "DWord",
        "Value": "0",
        "Name": "AllowTelemetry",
        "OriginalValue": "1"
      },
      {
        "Path": "HKLM:\\SOFTWARE\\Policies\\Microsoft\\Windows\\DataCollection",
        "OriginalValue": "1",
        "Name": "AllowTelemetry",
        "Value": "0",
        "Type": "DWord"
      },
      {
        "Path": "HKCU:\\SOFTWARE\\Microsoft\\Windows\\CurrentVersion\\ContentDeliveryManager",
        "OriginalValue": "1",
        "Name": "ContentDeliveryAllowed",
        "Value": "0",
        "Type": "DWord"
      },
      {
        "Path": "HKCU:\\SOFTWARE\\Microsoft\\Windows\\CurrentVersion\\ContentDeliveryManager",
        "OriginalValue": "1",
        "Name": "OemPreInstalledAppsEnabled",
        "Value": "0",
        "Type": "DWord"
      },
      {
        "Path": "HKCU:\\SOFTWARE\\Microsoft\\Windows\\CurrentVersion\\ContentDeliveryManager",
        "OriginalValue": "1",
        "Name": "PreInstalledAppsEnabled",
        "Value": "0",
        "Type": "DWord"
      },
      {
        "Path": "HKCU:\\SOFTWARE\\Microsoft\\Windows\\CurrentVersion\\ContentDeliveryManager",
        "OriginalValue": "1",
        "Name": "PreInstalledAppsEverEnabled",
        "Value": "0",
        "Type": "DWord"
      },
      {
        "Path": "HKCU:\\SOFTWARE\\Microsoft\\Windows\\CurrentVersion\\ContentDeliveryManager",
        "OriginalValue": "1",
        "Name": "SilentInstalledAppsEnabled",
        "Value": "0",
        "Type": "DWord"
      },
      {
        "Path": "HKCU:\\Software\\Microsoft\\Windows\\CurrentVersion\\ContentDeliveryManager",
        "OriginalValue": "1",
        "Name": "SubscribedContent-338387Enabled",
        "Value": "0",
        "Type": "DWord"
      },
      {
        "Path": "HKCU:\\SOFTWARE\\Microsoft\\Windows\\CurrentVersion\\ContentDeliveryManager",
        "OriginalValue": "1",
        "Name": "SubscribedContent-338388Enabled",
        "Value": "0",
        "Type": "DWord"
      },
      {
        "Path": "HKCU:\\SOFTWARE\\Microsoft\\Windows\\CurrentVersion\\ContentDeliveryManager",
        "OriginalValue": "1",
        "Name": "SubscribedContent-338389Enabled",
        "Value": "0",
        "Type": "DWord"
      },
      {
        "Path": "HKCU:\\SOFTWARE\\Microsoft\\Windows\\CurrentVersion\\ContentDeliveryManager",
        "OriginalValue": "1",
        "Name": "SubscribedContent-353698Enabled",
        "Value": "0",
        "Type": "DWord"
      },
      {
        "Path": "HKCU:\\SOFTWARE\\Microsoft\\Windows\\CurrentVersion\\ContentDeliveryManager",
        "OriginalValue": "1",
        "Name": "SystemPaneSuggestionsEnabled",
        "Value": "0",
        "Type": "DWord"
      },
      {
        "Path": "HKLM:\\SOFTWARE\\Policies\\Microsoft\\Windows\\CloudContent",
        "OriginalValue": "0",
        "Name": "DisableWindowsConsumerFeatures",
        "Value": "1",
        "Type": "DWord"
      },
      {
        "Path": "HKCU:\\SOFTWARE\\Microsoft\\Siuf\\Rules",
        "OriginalValue": "0",
        "Name": "NumberOfSIUFInPeriod",
        "Value": "0",
        "Type": "DWord"
      },
      {
        "Path": "HKLM:\\SOFTWARE\\Policies\\Microsoft\\Windows\\DataCollection",
        "OriginalValue": "0",
        "Name": "DoNotShowFeedbackNotifications",
        "Value": "1",
        "Type": "DWord"
      },
      {
        "Path": "HKCU:\\SOFTWARE\\Policies\\Microsoft\\Windows\\CloudContent",
        "OriginalValue": "0",
        "Name": "DisableTailoredExperiencesWithDiagnosticData",
        "Value": "1",
        "Type": "DWord"
      },
      {
        "Path": "HKLM:\\SOFTWARE\\Policies\\Microsoft\\Windows\\AdvertisingInfo",
        "OriginalValue": "0",
        "Name": "DisabledByGroupPolicy",
        "Value": "1",
        "Type": "DWord"
      },
      {
        "Path": "HKLM:\\SOFTWARE\\Microsoft\\Windows\\Windows Error Reporting",
        "OriginalValue": "0",
        "Name": "Disabled",
        "Value": "1",
        "Type": "DWord"
      },
      {
        "Path": "HKLM:\\SOFTWARE\\Microsoft\\Windows\\CurrentVersion\\DeliveryOptimization\\Config",
        "OriginalValue": "1",
        "Name": "DODownloadMode",
        "Value": "1",
        "Type": "DWord"
      },
      {
        "Path": "HKLM:\\SYSTEM\\CurrentControlSet\\Control\\Remote Assistance",
        "OriginalValue": "1",
        "Name": "fAllowToGetHelp",
        "Value": "0",
        "Type": "DWord"
      },
      {
        "Path": "HKCU:\\SOFTWARE\\Microsoft\\Windows\\CurrentVersion\\Explorer\\OperationStatusManager",
        "OriginalValue": "0",
        "Name": "EnthusiastMode",
        "Value": "1",
        "Type": "DWord"
      },
      {
        "Path": "HKCU:\\SOFTWARE\\Microsoft\\Windows\\CurrentVersion\\Explorer\\Advanced",
        "OriginalValue": "1",
        "Name": "ShowTaskViewButton",
        "Value": "0",
        "Type": "DWord"
      },
      {
        "Path": "HKCU:\\SOFTWARE\\Microsoft\\Windows\\CurrentVersion\\Explorer\\Advanced\\People",
        "OriginalValue": "1",
        "Name": "PeopleBand",
        "Value": "0",
        "Type": "DWord"
      },
      {
        "Path": "HKCU:\\SOFTWARE\\Microsoft\\Windows\\CurrentVersion\\Explorer\\Advanced",
        "OriginalValue": "1",
        "Name": "LaunchTo",
        "Value": "1",
        "Type": "DWord"
      },
      {
        "Path": "HKLM:\\SYSTEM\\CurrentControlSet\\Control\\FileSystem",
        "OriginalValue": "0",
        "Name": "LongPathsEnabled",
        "Value": "1",
        "Type": "DWord"
      },
      {
        "_Comment" : "Driver searching is a function that should be left in",
        "Path": "HKLM:\\SOFTWARE\\Microsoft\\Windows\\CurrentVersion\\DriverSearching",
        "OriginalValue": "1",
        "Name": "SearchOrderConfig",
        "Value": "1",
        "Type": "DWord"
      },
      {
        "Path": "HKLM:\\SOFTWARE\\Microsoft\\Windows NT\\CurrentVersion\\Multimedia\\SystemProfile",
        "OriginalValue": "1",
        "Name": "SystemResponsiveness",
        "Value": "0",
        "Type": "DWord"
      },
      {
        "Path": "HKLM:\\SOFTWARE\\Microsoft\\Windows NT\\CurrentVersion\\Multimedia\\SystemProfile",
        "OriginalValue": "1",
        "Name": "NetworkThrottlingIndex",
        "Value": "4294967295",
        "Type": "DWord"
      },
      {
        "Path": "HKCU:\\Control Panel\\Desktop",
        "OriginalValue": "1",
        "Name": "MenuShowDelay",
        "Value": "1",
        "Type": "DWord"
      },
      {
        "Path": "HKCU:\\Control Panel\\Desktop",
        "OriginalValue": "1",
        "Name": "AutoEndTasks",
        "Value": "1",
        "Type": "DWord"
      },
      {
        "Path": "HKLM:\\SYSTEM\\CurrentControlSet\\Control\\Session Manager\\Memory Management",
        "OriginalValue": "0",
        "Name": "ClearPageFileAtShutdown",
        "Value": "0",
        "Type": "DWord"
      },
      {
        "Path": "HKLM:\\SYSTEM\\ControlSet001\\Services\\Ndu",
        "OriginalValue": "1",
        "Name": "Start",
        "Value": "2",
        "Type": "DWord"
      },
      {
        "Path": "HKCU:\\Control Panel\\Mouse",
        "OriginalValue": "400",
        "Name": "MouseHoverTime",
        "Value": "400",
        "Type": "String"
      },
      {
        "Path": "HKLM:\\SYSTEM\\CurrentControlSet\\Services\\LanmanServer\\Parameters",
        "OriginalValue": "20",
        "Name": "IRPStackSize",
        "Value": "30",
        "Type": "DWord"
      },
      {
        "Path": "HKCU:\\SOFTWARE\\Policies\\Microsoft\\Windows\\Windows Feeds",
        "OriginalValue": "1",
        "Name": "EnableFeeds",
        "Value": "0",
        "Type": "DWord"
      },
      {
        "Path": "HKCU:\\Software\\Microsoft\\Windows\\CurrentVersion\\Feeds",
        "OriginalValue": "1",
        "Name": "ShellFeedsTaskbarViewMode",
        "Value": "2",
        "Type": "DWord"
      },
      {
        "Path": "HKCU:\\Software\\Microsoft\\Windows\\CurrentVersion\\Policies\\Explorer",
        "OriginalValue": "1",
        "Name": "HideSCAMeetNow",
        "Value": "1",
        "Type": "DWord"
      },
      {
        "Path": "HKLM:\\SOFTWARE\\Microsoft\\Windows NT\\CurrentVersion\\Multimedia\\SystemProfile\\Tasks\\Games",
        "OriginalValue": "1",
        "Name": "GPU Priority",
        "Value": "8",
        "Type": "DWord"
      },
      {
        "Path": "HKLM:\\SOFTWARE\\Microsoft\\Windows NT\\CurrentVersion\\Multimedia\\SystemProfile\\Tasks\\Games",
        "OriginalValue": "1",
        "Name": "Priority",
        "Value": "6",
        "Type": "DWord"
      },
      {
        "Path": "HKLM:\\SOFTWARE\\Microsoft\\Windows NT\\CurrentVersion\\Multimedia\\SystemProfile\\Tasks\\Games",
        "OriginalValue": "High",
        "Name": "Scheduling Category",
        "Value": "High",
        "Type": "String"
      }
    ],
    "InvokeScript": [
      "
      bcdedit /set `{current`} bootmenupolicy Legacy | Out-Null
        If ((get-ItemProperty -Path \"HKLM:\\SOFTWARE\\Microsoft\\Windows NT\\CurrentVersion\" -Name CurrentBuild).CurrentBuild -lt 22557) {
            $taskmgr = Start-Process -WindowStyle Hidden -FilePath taskmgr.exe -PassThru
            Do {
                Start-Sleep -Milliseconds 100
                $preferences = Get-ItemProperty -Path \"HKCU:\\Software\\Microsoft\\Windows\\CurrentVersion\\TaskManager\" -Name \"Preferences\" -ErrorAction SilentlyContinue
            } Until ($preferences)
            Stop-Process $taskmgr
            $preferences.Preferences[28] = 0
            Set-ItemProperty -Path \"HKCU:\\Software\\Microsoft\\Windows\\CurrentVersion\\TaskManager\" -Name \"Preferences\" -Type Binary -Value $preferences.Preferences
        }
        Remove-Item -Path \"HKLM:\\SOFTWARE\\Microsoft\\Windows\\CurrentVersion\\Explorer\\MyComputer\\NameSpace\\{0DB7E03F-FC29-4DC6-9020-FF41B59E513A}\" -Recurse -ErrorAction SilentlyContinue

        # Group svchost.exe processes
        $ram = (Get-CimInstance -ClassName Win32_PhysicalMemory | Measure-Object -Property Capacity -Sum).Sum / 1kb
        Set-ItemProperty -Path \"HKLM:\\SYSTEM\\CurrentControlSet\\Control\" -Name \"SvcHostSplitThresholdInKB\" -Type DWord -Value $ram -Force

        $autoLoggerDir = \"$env:PROGRAMDATA\\Microsoft\\Diagnosis\\ETLLogs\\AutoLogger\"
        If (Test-Path \"$autoLoggerDir\\AutoLogger-Diagtrack-Listener.etl\") {
            Remove-Item \"$autoLoggerDir\\AutoLogger-Diagtrack-Listener.etl\"
        }
        icacls $autoLoggerDir /deny SYSTEM:`(OI`)`(CI`)F | Out-Null

        # Disable Defender Auto Sample Submission
        Set-MpPreference -SubmitSamplesConsent 2 -ErrorAction SilentlyContinue | Out-Null
        "
    ]
  },
  "WPFEssTweaksWifi": {
    "registry": [
      {
        "Path": "HKLM:\\Software\\Microsoft\\PolicyManager\\default\\WiFi\\AllowWiFiHotSpotReporting",
        "Name": "Value",
        "Type": "DWord",
        "Value": "0",
        "OriginalValue": "1"
      },
      {
        "Path": "HKLM:\\Software\\Microsoft\\PolicyManager\\default\\WiFi\\AllowAutoConnectToWiFiSenseHotspots",
        "Name": "Value",
        "Type": "DWord",
        "Value": "0",
        "OriginalValue": "1"
      }
    ]
  },
  "WPFMiscTweaksUTC": {
    "registry": [
      {
        "Path": "HKLM:\\SYSTEM\\CurrentControlSet\\Control\\TimeZoneInformation",
        "Name": "RealTimeIsUniversal",
        "Type": "DWord",
        "Value": "1",
        "OriginalValue": "0"
      }
    ]
  },
  "WPFMiscTweaksDisplay": {
    "registry": [
      {
        "Path": "HKCU:\\Control Panel\\Desktop",
        "OriginalValue": "1",
        "Name": "DragFullWindows",
        "Value": "0",
        "Type": "String"
      },
      {
        "Path": "HKCU:\\Control Panel\\Desktop",
        "OriginalValue": "1",
        "Name": "MenuShowDelay",
        "Value": "200",
        "Type": "String"
      },
      {
        "Path": "HKCU:\\Control Panel\\Desktop\\WindowMetrics",
        "OriginalValue": "1",
        "Name": "MinAnimate",
        "Value": "0",
        "Type": "String"
      },
      {
        "Path": "HKCU:\\Control Panel\\Keyboard",
        "OriginalValue": "1",
        "Name": "KeyboardDelay",
        "Value": "0",
        "Type": "DWord"
      },
      {
        "Path": "HKCU:\\Software\\Microsoft\\Windows\\CurrentVersion\\Explorer\\Advanced",
        "OriginalValue": "1",
        "Name": "ListviewAlphaSelect",
        "Value": "0",
        "Type": "DWord"
      },
      {
        "Path": "HKCU:\\Software\\Microsoft\\Windows\\CurrentVersion\\Explorer\\Advanced",
        "OriginalValue": "1",
        "Name": "ListviewShadow",
        "Value": "0",
        "Type": "DWord"
      },
      {
        "Path": "HKCU:\\Software\\Microsoft\\Windows\\CurrentVersion\\Explorer\\Advanced",
        "OriginalValue": "1",
        "Name": "TaskbarAnimations",
        "Value": "0",
        "Type": "DWord"
      },
      {
        "Path": "HKCU:\\Software\\Microsoft\\Windows\\CurrentVersion\\Explorer\\VisualEffects",
        "OriginalValue": "1",
        "Name": "VisualFXSetting",
        "Value": "3",
        "Type": "DWord"
      },
      {
        "Path": "HKCU:\\Software\\Microsoft\\Windows\\DWM",
        "OriginalValue": "1",
        "Name": "EnableAeroPeek",
        "Value": "0",
        "Type": "DWord"
      },
      {
        "Path": "HKCU:\\Software\\Microsoft\\Windows\\CurrentVersion\\Explorer\\Advanced",
        "OriginalValue": "1",
        "Name": "TaskbarMn",
        "Value": "0",
        "Type": "DWord"
      },
      {
        "Path": "HKCU:\\Software\\Microsoft\\Windows\\CurrentVersion\\Explorer\\Advanced",
        "OriginalValue": "1",
        "Name": "TaskbarDa",
        "Value": "0",
        "Type": "DWord"
      },
      {
        "Path": "HKCU:\\Software\\Microsoft\\Windows\\CurrentVersion\\Explorer\\Advanced",
        "OriginalValue": "1",
        "Name": "ShowTaskViewButton",
        "Value": "0",
        "Type": "DWord"
      },
      {
        "Path": "HKCU:\\Software\\Microsoft\\Windows\\CurrentVersion\\Search",
        "OriginalValue": "1",
        "Name": "SearchboxTaskbarMode",
        "Value": "0",
        "Type": "DWord"
      }
    ],
    "InvokeScript": [
      "Set-ItemProperty -Path \"HKCU:\\Control Panel\\Desktop\" -Name \"UserPreferencesMask\" -Type Binary -Value ([byte[]](144,18,3,128,16,0,0,0))"
    ],
    "UndoScript": [
      "Remove-ItemProperty -Path \"HKCU:\\Control Panel\\Desktop\" -Name \"UserPreferencesMask\""
    ]
  },
  "WPFEssTweaksDeBloat": {
    "appx": [
      "Microsoft.Microsoft3DViewer",
      "Microsoft.AppConnector",
      "Microsoft.BingFinance",
      "Microsoft.BingNews",
      "Microsoft.BingSports",
      "Microsoft.BingTranslator",
      "Microsoft.BingWeather",
      "Microsoft.BingFoodAndDrink",
      "Microsoft.BingHealthAndFitness",
      "Microsoft.BingTravel",
      "Microsoft.MinecraftUWP",
      "Microsoft.GamingServices",
      "Microsoft.GetHelp",
      "Microsoft.Getstarted",
      "Microsoft.Messaging",
      "Microsoft.Microsoft3DViewer",
      "Microsoft.MicrosoftSolitaireCollection",
      "Microsoft.NetworkSpeedTest",
      "Microsoft.News",
      "Microsoft.Office.Lens",
      "Microsoft.Office.Sway",
      "Microsoft.Office.OneNote",
      "Microsoft.OneConnect",
      "Microsoft.People",
      "Microsoft.Print3D",
      "Microsoft.SkypeApp",
      "Microsoft.Wallet",
      "Microsoft.Whiteboard",
      "Microsoft.WindowsAlarms",
      "microsoft.windowscommunicationsapps",
      "Microsoft.WindowsFeedbackHub",
      "Microsoft.WindowsMaps",
      "Microsoft.WindowsPhone",
      "Microsoft.WindowsSoundRecorder",
      "Microsoft.XboxApp",
      "Microsoft.ConnectivityStore",
      "Microsoft.CommsPhone",
      "Microsoft.ScreenSketch",
      "Microsoft.Xbox.TCUI",
      "Microsoft.XboxGameOverlay",
      "Microsoft.XboxGameCallableUI",
      "Microsoft.XboxSpeechToTextOverlay",
      "Microsoft.MixedReality.Portal",
      "Microsoft.XboxIdentityProvider",
      "Microsoft.ZuneMusic",
      "Microsoft.ZuneVideo",
      "Microsoft.Getstarted",
      "Microsoft.MicrosoftOfficeHub",
      "*EclipseManager*",
      "*ActiproSoftwareLLC*",
      "*AdobeSystemsIncorporated.AdobePhotoshopExpress*",
      "*Duolingo-LearnLanguagesforFree*",
      "*PandoraMediaInc*",
      "*CandyCrush*",
      "*BubbleWitch3Saga*",
      "*Wunderlist*",
      "*Flipboard*",
      "*Twitter*",
      "*Facebook*",
      "*Royal Revolt*",
      "*Sway*",
      "*Speed Test*",
      "*Dolby*",
      "*Viber*",
      "*ACGMediaPlayer*",
      "*Netflix*",
      "*OneCalendar*",
      "*LinkedInforWindows*",
      "*HiddenCityMysteryofShadows*",
      "*Hulu*",
      "*HiddenCity*",
      "*AdobePhotoshopExpress*",
      "*HotspotShieldFreeVPN*",
      "*Microsoft.Advertising.Xaml*"
    ],
    "InvokeScript": [
      "
        $TeamsPath = [System.IO.Path]::Combine($env:LOCALAPPDATA, 'Microsoft', 'Teams')
        $TeamsUpdateExePath = [System.IO.Path]::Combine($TeamsPath, 'Update.exe')

        Write-Host \"Stopping Teams process...\"
        Stop-Process -Name \"*teams*\" -Force -ErrorAction SilentlyContinue

        Write-Host \"Uninstalling Teams from AppData\\Microsoft\\Teams\"
        if ([System.IO.File]::Exists($TeamsUpdateExePath)) {
            # Uninstall app
            $proc = Start-Process $TeamsUpdateExePath \"-uninstall -s\" -PassThru
            $proc.WaitForExit()
        }

        Write-Host \"Removing Teams AppxPackage...\"
        Get-AppxPackage \"*Teams*\" | Remove-AppxPackage -ErrorAction SilentlyContinue
        Get-AppxPackage \"*Teams*\" -AllUsers | Remove-AppxPackage -AllUsers -ErrorAction SilentlyContinue

        Write-Host \"Deleting Teams directory\"
        if ([System.IO.Directory]::Exists($TeamsPath)) {
            Remove-Item $TeamsPath -Force -Recurse -ErrorAction SilentlyContinue
        }

        Write-Host \"Deleting Teams uninstall registry key\"
        # Uninstall from Uninstall registry key UninstallString
        $us = (Get-ChildItem -Path HKLM:\\SOFTWARE\\Microsoft\\Windows\\CurrentVersion\\Uninstall, HKLM:\\SOFTWARE\\Wow6432Node\\Microsoft\\Windows\\CurrentVersion\\Uninstall | Get-ItemProperty | Where-Object { $_.DisplayName -like '*Teams*'}).UninstallString
        if ($us.Length -gt 0) {
            $us = ($us.Replace('/I', '/uninstall ') + ' /quiet').Replace('  ', ' ')
            $FilePath = ($us.Substring(0, $us.IndexOf('.exe') + 4).Trim())
            $ProcessArgs = ($us.Substring($us.IndexOf('.exe') + 5).Trim().replace('  ', ' '))
            $proc = Start-Process -FilePath $FilePath -Args $ProcessArgs -PassThru
            $proc.WaitForExit()
        }
      "
    ]
  },
  "WPFEssTweaksOO": {
    "InvokeScript": [
      "curl.exe -s \"https://raw.githubusercontent.com/ChrisTitusTech/winutil/main/ooshutup10_winutil_settings.cfg\" -o $ENV:temp\\ooshutup10.cfg
       curl.exe -s \"https://dl5.oo-software.com/files/ooshutup10/OOSU10.exe\" -o $ENV:temp\\OOSU10.exe
       Start-Process $ENV:temp\\OOSU10.exe -ArgumentList \"\"\"$ENV:temp\\ooshutup10.cfg\"\" /quiet\"
       "
    ]
  },
  "WPFEssTweaksStorage": {
    "InvokeScript": [
      "Remove-Item -Path \"HKCU:\\SOFTWARE\\Microsoft\\Windows\\CurrentVersion\\StorageSense\\Parameters\\StoragePolicy\" -Recurse -ErrorAction SilentlyContinue"
    ],
    "UndoScript": [
      "New-Item -Path \"HKCU:\\SOFTWARE\\Microsoft\\Windows\\CurrentVersion\\StorageSense\\Parameters\\StoragePolicy\" | Out-Null
      "
    ]
  },
  "WPFEssTweaksRemoveEdge": {
    "InvokeScript": [
        "
        #:: Standalone script by AveYo Source: https://raw.githubusercontent.com/AveYo/fox/main/Edge_Removal.bat

        curl.exe -s \"https://raw.githubusercontent.com/ChrisTitusTech/winutil/main/edgeremoval.bat\" -o $ENV:temp\\edgeremoval.bat
        Start-Process $ENV:temp\\edgeremoval.bat

        "
    ],
    "UndoScript": [
      "
      Write-Host \"Install Microsoft Edge\"
      Start-Process -FilePath winget -ArgumentList \"install -e --accept-source-agreements --accept-package-agreements --silent Microsoft.Edge \" -NoNewWindow -Wait
      "
    ]
  },
  "WPFEssTweaksRemoveOnedrive": {
    "InvokeScript": [
        "

        Write-Host \"Kill OneDrive process\"
        taskkill.exe /F /IM \"OneDrive.exe\"
        taskkill.exe /F /IM \"explorer.exe\"

        Write-Host \"Copy all OneDrive to Root UserProfile\"
        Start-Process -FilePath robocopy -ArgumentList \"$env:USERPROFILE\\OneDrive $env:USERPROFILE /e /xj\" -NoNewWindow -Wait

        Write-Host \"Remove OneDrive\"
        Start-Process -FilePath winget -ArgumentList \"uninstall -e --purge --force --silent Microsoft.OneDrive \" -NoNewWindow -Wait

        Write-Host \"Removing OneDrive leftovers\"
        Remove-Item -Recurse -Force -ErrorAction SilentlyContinue \"$env:localappdata\\Microsoft\\OneDrive\"
        Remove-Item -Recurse -Force -ErrorAction SilentlyContinue \"$env:programdata\\Microsoft OneDrive\"
        Remove-Item -Recurse -Force -ErrorAction SilentlyContinue \"$env:systemdrive\\OneDriveTemp\"
        # check if directory is empty before removing:
        If ((Get-ChildItem \"$env:userprofile\\OneDrive\" -Recurse | Measure-Object).Count -eq 0) {
            Remove-Item -Recurse -Force -ErrorAction SilentlyContinue \"$env:userprofile\\OneDrive\"
        }

        Write-Host \"Remove Onedrive from explorer sidebar\"
        Set-ItemProperty -Path \"HKCR:\\CLSID\\{018D5C66-4533-4307-9B53-224DE2ED1FE6}\" -Name \"System.IsPinnedToNameSpaceTree\" -Value 0
        Set-ItemProperty -Path \"HKCR:\\Wow6432Node\\CLSID\\{018D5C66-4533-4307-9B53-224DE2ED1FE6}\" -Name \"System.IsPinnedToNameSpaceTree\" -Value 0

        Write-Host \"Removing run hook for new users\"
        reg load \"hku\\Default\" \"C:\\Users\\Default\\NTUSER.DAT\"
        reg delete \"HKEY_USERS\\Default\\SOFTWARE\\Microsoft\\Windows\\CurrentVersion\\Run\" /v \"OneDriveSetup\" /f
        reg unload \"hku\\Default\"

        Write-Host \"Removing startmenu entry\"
        Remove-Item -Force -ErrorAction SilentlyContinue \"$env:userprofile\\AppData\\Roaming\\Microsoft\\Windows\\Start Menu\\Programs\\OneDrive.lnk\"

        Write-Host \"Removing scheduled task\"
        Get-ScheduledTask -TaskPath '\\' -TaskName 'OneDrive*' -ea SilentlyContinue | Unregister-ScheduledTask -Confirm:$false

        # Add Shell folders restoring default locations
        Write-Host \"Shell Fixing\"
        Set-ItemProperty -Path \"HKCU:\\Software\\Microsoft\\Windows\\CurrentVersion\\Explorer\\User Shell Folders\" -Name \"AppData\" -Value \"$env:userprofile\\AppData\\Roaming\" -Type ExpandString
        Set-ItemProperty -Path \"HKCU:\\Software\\Microsoft\\Windows\\CurrentVersion\\Explorer\\User Shell Folders\" -Name \"Cache\" -Value \"$env:userprofile\\AppData\\Local\\Microsoft\\Windows\\INetCache\" -Type ExpandString
        Set-ItemProperty -Path \"HKCU:\\Software\\Microsoft\\Windows\\CurrentVersion\\Explorer\\User Shell Folders\" -Name \"Cookies\" -Value \"$env:userprofile\\AppData\\Local\\Microsoft\\Windows\\INetCookies\" -Type ExpandString
        Set-ItemProperty -Path \"HKCU:\\Software\\Microsoft\\Windows\\CurrentVersion\\Explorer\\User Shell Folders\" -Name \"Favorites\" -Value \"$env:userprofile\\Favorites\" -Type ExpandString
        Set-ItemProperty -Path \"HKCU:\\Software\\Microsoft\\Windows\\CurrentVersion\\Explorer\\User Shell Folders\" -Name \"History\" -Value \"$env:userprofile\\AppData\\Local\\Microsoft\\Windows\\History\" -Type ExpandString
        Set-ItemProperty -Path \"HKCU:\\Software\\Microsoft\\Windows\\CurrentVersion\\Explorer\\User Shell Folders\" -Name \"Local AppData\" -Value \"$env:userprofile\\AppData\\Local\" -Type ExpandString
        Set-ItemProperty -Path \"HKCU:\\Software\\Microsoft\\Windows\\CurrentVersion\\Explorer\\User Shell Folders\" -Name \"My Music\" -Value \"$env:userprofile\\Music\" -Type ExpandString
        Set-ItemProperty -Path \"HKCU:\\Software\\Microsoft\\Windows\\CurrentVersion\\Explorer\\User Shell Folders\" -Name \"My Video\" -Value \"$env:userprofile\\Videos\" -Type ExpandString
        Set-ItemProperty -Path \"HKCU:\\Software\\Microsoft\\Windows\\CurrentVersion\\Explorer\\User Shell Folders\" -Name \"NetHood\" -Value \"$env:userprofile\\AppData\\Roaming\\Microsoft\\Windows\\Network Shortcuts\" -Type ExpandString
        Set-ItemProperty -Path \"HKCU:\\Software\\Microsoft\\Windows\\CurrentVersion\\Explorer\\User Shell Folders\" -Name \"PrintHood\" -Value \"$env:userprofile\\AppData\\Roaming\\Microsoft\\Windows\\Printer Shortcuts\" -Type ExpandString
        Set-ItemProperty -Path \"HKCU:\\Software\\Microsoft\\Windows\\CurrentVersion\\Explorer\\User Shell Folders\" -Name \"Programs\" -Value \"$env:userprofile\\AppData\\Roaming\\Microsoft\\Windows\\Start Menu\\Programs\" -Type ExpandString
        Set-ItemProperty -Path \"HKCU:\\Software\\Microsoft\\Windows\\CurrentVersion\\Explorer\\User Shell Folders\" -Name \"Recent\" -Value \"$env:userprofile\\AppData\\Roaming\\Microsoft\\Windows\\Recent\" -Type ExpandString
        Set-ItemProperty -Path \"HKCU:\\Software\\Microsoft\\Windows\\CurrentVersion\\Explorer\\User Shell Folders\" -Name \"SendTo\" -Value \"$env:userprofile\\AppData\\Roaming\\Microsoft\\Windows\\SendTo\" -Type ExpandString
        Set-ItemProperty -Path \"HKCU:\\Software\\Microsoft\\Windows\\CurrentVersion\\Explorer\\User Shell Folders\" -Name \"Start Menu\" -Value \"$env:userprofile\\AppData\\Roaming\\Microsoft\\Windows\\Start Menu\" -Type ExpandString
        Set-ItemProperty -Path \"HKCU:\\Software\\Microsoft\\Windows\\CurrentVersion\\Explorer\\User Shell Folders\" -Name \"Startup\" -Value \"$env:userprofile\\AppData\\Roaming\\Microsoft\\Windows\\Start Menu\\Programs\\Startup\" -Type ExpandString
        Set-ItemProperty -Path \"HKCU:\\Software\\Microsoft\\Windows\\CurrentVersion\\Explorer\\User Shell Folders\" -Name \"Templates\" -Value \"$env:userprofile\\AppData\\Roaming\\Microsoft\\Windows\\Templates\" -Type ExpandString
        Set-ItemProperty -Path \"HKCU:\\Software\\Microsoft\\Windows\\CurrentVersion\\Explorer\\User Shell Folders\" -Name \"{374DE290-123F-4565-9164-39C4925E467B}\" -Value \"$env:userprofile\\Downloads\" -Type ExpandString
        Set-ItemProperty -Path \"HKCU:\\Software\\Microsoft\\Windows\\CurrentVersion\\Explorer\\User Shell Folders\" -Name \"Desktop\" -Value \"$env:userprofile\\Desktop\" -Type ExpandString
        Set-ItemProperty -Path \"HKCU:\\Software\\Microsoft\\Windows\\CurrentVersion\\Explorer\\User Shell Folders\" -Name \"My Pictures\" -Value \"$env:userprofile\\Pictures\" -Type ExpandString
        Set-ItemProperty -Path \"HKCU:\\Software\\Microsoft\\Windows\\CurrentVersion\\Explorer\\User Shell Folders\" -Name \"Personal\" -Value \"$env:userprofile\\Documents\" -Type ExpandString
        Set-ItemProperty -Path \"HKCU:\\Software\\Microsoft\\Windows\\CurrentVersion\\Explorer\\User Shell Folders\" -Name \"{F42EE2D3-909F-4907-8871-4C22FC0BF756}\" -Value \"$env:userprofile\\Documents\" -Type ExpandString
        Set-ItemProperty -Path \"HKCU:\\Software\\Microsoft\\Windows\\CurrentVersion\\Explorer\\User Shell Folders\" -Name \"{0DDD015D-B06C-45D5-8C4C-F59713854639}\" -Value \"$env:userprofile\\Pictures\" -Type ExpandString
        Write-Host \"Restarting explorer\"
        Start-Process \"explorer.exe\"

        Write-Host \"Waiting for explorer to complete loading\"
        Write-Host \"Please Note - OneDrive folder may still have items in it. You must manually delete it, but all the files should already be copied to the base user folder.\"
        Start-Sleep 5
        "
    ],
    "UndoScript": [
      "
      Write-Host \"Install OneDrive\"
      Start-Process -FilePath winget -ArgumentList \"install -e --accept-source-agreements --accept-package-agreements --silent Microsoft.OneDrive \" -NoNewWindow -Wait
      "
    ]
  },
  "WPFMiscTweaksDisableNotifications": {
    "registry": [
      {
        "Path": "HKCU:\\Software\\Policies\\Microsoft\\Windows\\Explorer",
        "Name": "DisableNotificationCenter",
        "Type": "DWord",
        "Value": "1",
        "OriginalValue": "0"
      },
      {
        "Path": "HKCU:\\Software\\Microsoft\\Windows\\CurrentVersion\\PushNotifications",
        "Name": "ToastEnabled",
        "Type": "DWord",
        "Value": "0",
        "OriginalValue": "1"
      }
    ]
  },
  "WPFMiscTweaksRightClickMenu": {
    "InvokeScript": [
      "New-Item -Path \"HKCU:\\Software\\Classes\\CLSID\\{86ca1aa0-34aa-4e8b-a509-50c905bae2a2}\" -Name \"InprocServer32\" -force -value \"\" "
    ],
    "UndoScript": [
      "
      Remove-Item -Path \"HKCU:\\Software\\Classes\\CLSID\\{86ca1aa0-34aa-4e8b-a509-50c905bae2a2}\" -Recurse -Confirm:$false -Force
      Write-Host Restart Needed for change
      "
    ]
  },
  "WPFEssTweaksDiskCleanup": {
    "InvokeScript": [
      "
      cleanmgr.exe /d C: /VERYLOWDISK
      Dism.exe /online /Cleanup-Image /StartComponentCleanup /ResetBase
      "
    ]
  },
  "WPFMiscTweaksDisableUAC": {
    "registry": [
      {
        "Path": "HKLM:\\SOFTWARE\\Microsoft\\Windows\\CurrentVersion\\Policies\\System",
        "OriginalValue": "5",
        "Name": "ConsentPromptBehaviorAdmin",
        "Value": "0",
        "Type": "DWord"
      }
    ]
  },
  "WPFEssTweaksDeleteTempFiles": {
    "InvokeScript": [
      "Get-ChildItem -Path \"C:\\Windows\\Temp\" *.* -Recurse | Remove-Item -Force -Recurse
    Get-ChildItem -Path $env:TEMP *.* -Recurse | Remove-Item -Force -Recurse"
    ]
  },
  "WPFEssTweaksDVR": {
    "registry": [
      {
        "Path": "HKCU:\\System\\GameConfigStore",
        "Name": "GameDVR_FSEBehavior",
        "Value": "2",
        "OriginalValue": "1",
        "Type": "DWord"
      },
      {
        "Path": "HKCU:\\System\\GameConfigStore",
        "Name": "GameDVR_Enabled",
        "Value": "0",
        "OriginalValue": "1",
        "Type": "DWord"
      },
      {
        "Path": "HKCU:\\System\\GameConfigStore",
        "Name": "GameDVR_DXGIHonorFSEWindowsCompatible",
        "Value": "1",
        "OriginalValue": "0",
        "Type": "DWord"
      },
      {
        "Path": "HKCU:\\System\\GameConfigStore",
        "Name": "GameDVR_HonorUserFSEBehaviorMode",
        "Value": "1",
        "OriginalValue": "0",
        "Type": "DWord"
      },
      {
        "Path": "HKCU:\\System\\GameConfigStore",
        "Name": "GameDVR_EFSEFeatureFlags",
        "Value": "0",
        "OriginalValue": "1",
        "Type": "DWord"
      },
      {
        "Path": "HKLM:\\SOFTWARE\\Policies\\Microsoft\\Windows\\GameDVR",
        "Name": "AllowGameDVR",
        "Value": "0",
        "OriginalValue": "1",
        "Type": "DWord"
      }
    ]
  },
  "WPFBingSearch": {
    "registry": [
      {
        "OriginalValue": "1",
        "Name": "BingSearchEnabled",
        "Path": "HKCU:\\Software\\Microsoft\\Windows\\CurrentVersion\\Search",
        "Type": "DWord",
        "Value": "0"
      }
    ]
  },
  "WPFMiscTweaksDisableipsix": {
    "InvokeScript": [
      "Disable-NetAdapterBinding -Name \"*\" -ComponentID ms_tcpip6"
    ],
    "UndoScript": [
      "Enable-NetAdapterBinding -Name \"*\" -ComponentID ms_tcpip6"
    ]
  },
  "WPFMiscTweaksEnableipsix": {
    "InvokeScript": [
      "Enable-NetAdapterBinding -Name \"*\" -ComponentID ms_tcpip6"
    ],
    "UndoScript": [
      "Disable-NetAdapterBinding -Name \"*\" -ComponentID ms_tcpip6"
    ]
  }
}
